Subject,Item,RT,Sentence,Context
1,3,1270,Positive,Negative
1,7,739,Positive,Negative
1,11,982,Positive,Negative
1,15,1291,Positive,Negative
1,19,1734,Positive,Negative
1,23,1757,Positive,Negative
1,27,1052,Positive,Negative
2,4,1706,Positive,Negative
2,8,533,Positive,Negative
2,12,1009,Positive,Negative
2,16,939,Positive,Negative
2,20,1848,Positive,Negative
2,24,1435,Positive,Negative
2,28,922,Positive,Negative
3,1,724,Positive,Negative
3,5,1677,Positive,Negative
3,9,846,Positive,Negative
3,13,915,Positive,Negative
3,17,908,Positive,Negative
3,21,675,Positive,Negative
3,25,1043,Positive,Negative
4,2,4738,Positive,Negative
4,6,2881,Positive,Negative
4,10,1530,Positive,Negative
4,14,1303,Positive,Negative
4,18,1073,Positive,Negative
4,22,897,Positive,Negative
4,26,2595,Positive,Negative
5,3,843,Positive,Negative
5,7,913,Positive,Negative
5,11,1131,Positive,Negative
5,15,1284,Positive,Negative
5,19,1851,Positive,Negative
5,23,1513,Positive,Negative
5,27,1888,Positive,Negative
6,4,2827,Positive,Negative
6,8,1165,Positive,Negative
6,12,1750,Positive,Negative
6,16,881,Positive,Negative
6,20,2147,Positive,Negative
6,24,1483,Positive,Negative
6,28,1503,Positive,Negative
7,1,855,Positive,Negative
7,5,3613,Positive,Negative
7,9,1083,Positive,Negative
7,13,2041,Positive,Negative
7,17,1691,Positive,Negative
7,21,2010,Positive,Negative
7,25,1885,Positive,Negative
8,2,2137,Positive,Negative
8,6,1359,Positive,Negative
8,10,861,Positive,Negative
8,14,1129,Positive,Negative
8,18,735,Positive,Negative
8,22,937,Positive,Negative
8,26,861,Positive,Negative
9,3,862,Positive,Negative
9,7,862,Positive,Negative
9,11,1027,Positive,Negative
9,15,976,Positive,Negative
9,19,1663,Positive,Negative
9,23,1122,Positive,Negative
9,27,770,Positive,Negative
10,4,1619,Positive,Negative
10,8,1356,Positive,Negative
10,12,927,Positive,Negative
10,16,449,Positive,Negative
10,20,1834,Positive,Negative
10,24,1207,Positive,Negative
10,28,962,Positive,Negative
11,1,1341,Positive,Negative
11,5,2326,Positive,Negative
11,9,754,Positive,Negative
11,13,1059,Positive,Negative
11,17,1433,Positive,Negative
11,21,1088,Positive,Negative
11,25,1966,Positive,Negative
12,2,1555,Positive,Negative
12,6,1071,Positive,Negative
12,10,1808,Positive,Negative
12,14,1038,Positive,Negative
12,18,742,Positive,Negative
12,22,865,Positive,Negative
12,26,1642,Positive,Negative
13,3,1481,Positive,Negative
13,7,835,Positive,Negative
13,11,1754,Positive,Negative
13,15,1043,Positive,Negative
13,19,2639,Positive,Negative
13,23,2575,Positive,Negative
13,27,1898,Positive,Negative
14,4,2359,Positive,Negative
14,8,1132,Positive,Negative
14,12,1035,Positive,Negative
14,16,1402,Positive,Negative
14,20,4351,Positive,Negative
14,24,692,Positive,Negative
14,28,1444,Positive,Negative
15,1,1811,Positive,Negative
15,5,2374,Positive,Negative
15,9,1456,Positive,Negative
15,13,1434,Positive,Negative
15,17,1025,Positive,Negative
15,21,696,Positive,Negative
15,25,1374,Positive,Negative
16,2,1658,Positive,Negative
16,6,2376,Positive,Negative
16,10,1555,Positive,Negative
16,14,2351,Positive,Negative
16,18,836,Positive,Negative
16,22,1312,Positive,Negative
16,26,1527,Positive,Negative
17,3,788,Positive,Negative
17,7,2048,Positive,Negative
17,11,2524,Positive,Negative
17,15,329,Positive,Negative
17,19,4145,Positive,Negative
17,23,2296,Positive,Negative
17,27,1733,Positive,Negative
18,4,5879,Positive,Negative
18,8,474,Positive,Negative
18,12,580,Positive,Negative
18,16,723,Positive,Negative
18,20,790,Positive,Negative
18,24,844,Positive,Negative
18,28,505,Positive,Negative
19,1,2028,Positive,Negative
19,5,1723,Positive,Negative
19,9,1326,Positive,Negative
19,13,2323,Positive,Negative
19,17,2608,Positive,Negative
19,21,1331,Positive,Negative
19,25,2482,Positive,Negative
20,2,1625,Positive,Negative
20,6,1277,Positive,Negative
20,10,2516,Positive,Negative
20,14,2136,Positive,Negative
20,18,970,Positive,Negative
20,22,712,Positive,Negative
20,26,1583,Positive,Negative
21,3,1624,Positive,Negative
21,7,923,Positive,Negative
21,11,,Positive,Negative
21,15,1424,Positive,Negative
21,19,1901,Positive,Negative
21,23,2051,Positive,Negative
21,27,1037,Positive,Negative
22,4,1694,Positive,Negative
22,8,989,Positive,Negative
22,12,2013,Positive,Negative
22,16,697,Positive,Negative
22,20,1515,Positive,Negative
22,24,660,Positive,Negative
22,28,578,Positive,Negative
23,1,1665,Positive,Negative
23,5,1555,Positive,Negative
23,9,633,Positive,Negative
23,13,1731,Positive,Negative
23,17,1606,Positive,Negative
23,21,2637,Positive,Negative
23,25,1452,Positive,Negative
24,2,1909,Positive,Negative
24,6,3936,Positive,Negative
24,10,7000,Positive,Negative
24,14,1658,Positive,Negative
24,18,1826,Positive,Negative
24,22,1720,Positive,Negative
24,26,2679,Positive,Negative
25,3,3134,Positive,Negative
25,7,918,Positive,Negative
25,11,1636,Positive,Negative
25,15,2315,Positive,Negative
25,19,2816,Positive,Negative
25,23,3281,Positive,Negative
25,27,1492,Positive,Negative
26,4,2691,Positive,Negative
26,8,508,Positive,Negative
26,12,820,Positive,Negative
26,16,580,Positive,Negative
26,20,802,Positive,Negative
26,24,1130,Positive,Negative
26,28,778,Positive,Negative
27,1,2750,Positive,Negative
27,5,1688,Positive,Negative
27,9,2161,Positive,Negative
27,13,1700,Positive,Negative
27,17,2017,Positive,Negative
27,21,1611,Positive,Negative
27,25,1742,Positive,Negative
28,2,1953,Positive,Negative
28,6,1450,Positive,Negative
28,10,2530,Positive,Negative
28,14,6531,Positive,Negative
28,18,1627,Positive,Negative
28,22,949,Positive,Negative
28,26,1730,Positive,Negative
29,3,1156,Positive,Negative
29,7,702,Positive,Negative
29,11,814,Positive,Negative
29,15,876,Positive,Negative
29,19,1186,Positive,Negative
29,23,760,Positive,Negative
29,27,499,Positive,Negative
30,4,2781,Positive,Negative
30,8,1120,Positive,Negative
30,12,946,Positive,Negative
30,16,897,Positive,Negative
30,20,1165,Positive,Negative
30,24,1054,Positive,Negative
30,28,901,Positive,Negative
31,1,1287,Positive,Negative
31,5,1921,Positive,Negative
31,9,818,Positive,Negative
31,13,1810,Positive,Negative
31,17,1203,Positive,Negative
31,21,1128,Positive,Negative
31,25,2192,Positive,Negative
32,2,1648,Positive,Negative
32,6,1789,Positive,Negative
32,10,1591,Positive,Negative
32,14,2222,Positive,Negative
32,18,4598,Positive,Negative
32,22,1096,Positive,Negative
32,26,2075,Positive,Negative
33,4,1121,Positive,Negative
33,8,810,Positive,Negative
33,12,998,Positive,Negative
33,16,826,Positive,Negative
33,20,1193,Positive,Negative
33,24,830,Positive,Negative
33,28,737,Positive,Negative
34,3,1700,Positive,Negative
34,7,949,Positive,Negative
34,11,1580,Positive,Negative
34,15,1006,Positive,Negative
34,19,2495,Positive,Negative
34,23,1787,Positive,Negative
34,27,809,Positive,Negative
35,1,762,Positive,Negative
35,5,2478,Positive,Negative
35,9,1510,Positive,Negative
35,13,1678,Positive,Negative
35,17,2646,Positive,Negative
35,21,1001,Positive,Negative
35,25,2765,Positive,Negative
36,2,3495,Positive,Negative
36,6,1158,Positive,Negative
36,10,3242,Positive,Negative
36,14,2548,Positive,Negative
36,18,1657,Positive,Negative
36,22,1449,Positive,Negative
36,26,2774,Positive,Negative
37,3,1306,Positive,Negative
37,7,897,Positive,Negative
37,11,1989,Positive,Negative
37,15,1973,Positive,Negative
37,19,2188,Positive,Negative
37,23,2662,Positive,Negative
37,27,1159,Positive,Negative
38,4,1338,Positive,Negative
38,8,793,Positive,Negative
38,12,802,Positive,Negative
38,16,655,Positive,Negative
38,20,2383,Positive,Negative
38,24,1258,Positive,Negative
38,28,655,Positive,Negative
39,1,1105,Positive,Negative
39,5,1533,Positive,Negative
39,9,653,Positive,Negative
39,13,1641,Positive,Negative
39,17,1446,Positive,Negative
39,21,1212,Positive,Negative
39,25,1239,Positive,Negative
40,2,2233,Positive,Negative
40,6,1807,Positive,Negative
40,10,2080,Positive,Negative
40,14,1383,Positive,Negative
40,18,2559,Positive,Negative
40,22,800,Positive,Negative
40,26,2368,Positive,Negative
41,3,1434,Positive,Negative
41,7,2967,Positive,Negative
41,11,921,Positive,Negative
41,15,805,Positive,Negative
41,19,1156,Positive,Negative
41,23,1494,Positive,Negative
41,27,956,Positive,Negative
42,4,1611,Positive,Negative
42,8,1123,Positive,Negative
42,12,1186,Positive,Negative
42,16,1012,Positive,Negative
42,20,1233,Positive,Negative
42,24,861,Positive,Negative
42,28,958,Positive,Negative
43,1,2511,Positive,Negative
43,5,914,Positive,Negative
43,9,2103,Positive,Negative
43,13,451,Positive,Negative
43,17,1574,Positive,Negative
43,21,504,Positive,Negative
43,25,1521,Positive,Negative
44,2,1987,Positive,Negative
44,6,2004,Positive,Negative
44,10,1370,Positive,Negative
44,14,1200,Positive,Negative
44,18,1105,Positive,Negative
44,22,550,Positive,Negative
44,26,1146,Positive,Negative
45,3,887,Positive,Negative
45,7,649,Positive,Negative
45,11,837,Positive,Negative
45,15,765,Positive,Negative
45,19,1164,Positive,Negative
45,23,1896,Positive,Negative
45,27,918,Positive,Negative
46,4,2409,Positive,Negative
46,8,565,Positive,Negative
46,12,1792,Positive,Negative
46,16,728,Positive,Negative
46,20,2259,Positive,Negative
46,24,893,Positive,Negative
46,28,723,Positive,Negative
47,1,1407,Positive,Negative
47,5,1214,Positive,Negative
47,9,791,Positive,Negative
47,13,1571,Positive,Negative
47,17,1674,Positive,Negative
47,21,859,Positive,Negative
47,25,2508,Positive,Negative
48,2,2159,Positive,Negative
48,6,1975,Positive,Negative
48,10,2100,Positive,Negative
48,14,3018,Positive,Negative
48,18,1297,Positive,Negative
48,22,1812,Positive,Negative
48,26,2219,Positive,Negative
49,3,1122,Positive,Negative
49,7,811,Positive,Negative
49,11,1045,Positive,Negative
49,15,538,Positive,Negative
49,19,1463,Positive,Negative
49,23,3047,Positive,Negative
49,27,1953,Positive,Negative
50,4,2914,Positive,Negative
50,8,776,Positive,Negative
50,12,1085,Positive,Negative
50,16,1128,Positive,Negative
50,20,1468,Positive,Negative
50,24,1550,Positive,Negative
50,28,1112,Positive,Negative
51,1,1439,Positive,Negative
51,5,3067,Positive,Negative
51,9,1397,Positive,Negative
51,13,2426,Positive,Negative
51,17,3049,Positive,Negative
51,21,1822,Positive,Negative
51,25,2855,Positive,Negative
52,2,2569,Positive,Negative
52,6,924,Positive,Negative
52,10,933,Positive,Negative
52,14,1082,Positive,Negative
52,18,719,Positive,Negative
52,22,945,Positive,Negative
52,26,3061,Positive,Negative
53,3,2037,Positive,Negative
53,7,1379,Positive,Negative
53,11,1343,Positive,Negative
53,15,1550,Positive,Negative
53,19,2082,Positive,Negative
53,23,2148,Positive,Negative
53,27,1701,Positive,Negative
54,4,1930,Positive,Negative
54,8,1065,Positive,Negative
54,12,1962,Positive,Negative
54,16,1523,Positive,Negative
54,20,1598,Positive,Negative
54,24,1569,Positive,Negative
54,28,988,Positive,Negative
55,1,1483,Positive,Negative
55,5,2310,Positive,Negative
55,9,2204,Positive,Negative
55,13,2725,Positive,Negative
55,17,3378,Positive,Negative
55,21,1781,Positive,Negative
55,25,1706,Positive,Negative
56,2,1013,Positive,Negative
56,6,2751,Positive,Negative
56,10,1554,Positive,Negative
56,14,6191,Positive,Negative
56,18,796,Positive,Negative
56,22,1534,Positive,Negative
56,26,1328,Positive,Negative
57,3,2211,Positive,Negative
57,7,871,Positive,Negative
57,11,2175,Positive,Negative
57,15,2660,Positive,Negative
57,19,2970,Positive,Negative
57,23,3467,Positive,Negative
57,27,1917,Positive,Negative
58,4,4582,Positive,Negative
58,8,1671,Positive,Negative
58,12,1439,Positive,Negative
58,16,939,Positive,Negative
58,20,1721,Positive,Negative
58,24,1810,Positive,Negative
58,28,487,Positive,Negative
59,1,661,Positive,Negative
59,5,1160,Positive,Negative
59,9,902,Positive,Negative
59,13,1411,Positive,Negative
59,17,3299,Positive,Negative
59,21,1425,Positive,Negative
59,25,1322,Positive,Negative
60,2,1615,Positive,Negative
60,6,1426,Positive,Negative
60,10,2016,Positive,Negative
60,14,1486,Positive,Negative
60,18,823,Positive,Negative
60,22,1633,Positive,Negative
60,26,1332,Positive,Negative
1,4,1691,Positive,Positive
1,8,798,Positive,Positive
1,12,1946,Positive,Positive
1,16,785,Positive,Positive
1,20,2069,Positive,Positive
1,24,1338,Positive,Positive
1,28,927,Positive,Positive
2,1,2347,Positive,Positive
2,5,1906,Positive,Positive
2,9,1065,Positive,Positive
2,13,2015,Positive,Positive
2,17,1365,Positive,Positive
2,21,833,Positive,Positive
2,25,782,Positive,Positive
3,2,710,Positive,Positive
3,6,1119,Positive,Positive
3,10,2485,Positive,Positive
3,14,2341,Positive,Positive
3,18,953,Positive,Positive
3,22,659,Positive,Positive
3,26,1645,Positive,Positive
4,3,3272,Positive,Positive
4,7,1408,Positive,Positive
4,11,1611,Positive,Positive
4,15,5460,Positive,Positive
4,19,2245,Positive,Positive
4,23,1767,Positive,Positive
4,27,907,Positive,Positive
5,4,1613,Positive,Positive
5,8,796,Positive,Positive
5,12,580,Positive,Positive
5,16,1339,Positive,Positive
5,20,1275,Positive,Positive
5,24,1154,Positive,Positive
5,28,862,Positive,Positive
6,1,1954,Positive,Positive
6,5,3579,Positive,Positive
6,9,1819,Positive,Positive
6,13,2729,Positive,Positive
6,17,1691,Positive,Positive
6,21,1736,Positive,Positive
6,25,2145,Positive,Positive
7,2,3181,Positive,Positive
7,6,1702,Positive,Positive
7,10,2060,Positive,Positive
7,14,1589,Positive,Positive
7,18,1555,Positive,Positive
7,22,1180,Positive,Positive
7,26,1897,Positive,Positive
8,3,1153,Positive,Positive
8,7,828,Positive,Positive
8,11,976,Positive,Positive
8,15,992,Positive,Positive
8,19,1121,Positive,Positive
8,23,1456,Positive,Positive
8,27,623,Positive,Positive
9,4,1630,Positive,Positive
9,8,2029,Positive,Positive
9,12,607,Positive,Positive
9,16,593,Positive,Positive
9,20,1093,Positive,Positive
9,24,980,Positive,Positive
9,28,768,Positive,Positive
10,1,1914,Positive,Positive
10,5,2020,Positive,Positive
10,9,2027,Positive,Positive
10,13,2101,Positive,Positive
10,17,2493,Positive,Positive
10,21,1395,Positive,Positive
10,25,2252,Positive,Positive
11,2,1417,Positive,Positive
11,6,2505,Positive,Positive
11,10,1017,Positive,Positive
11,14,1739,Positive,Positive
11,18,1091,Positive,Positive
11,22,821,Positive,Positive
11,26,2641,Positive,Positive
12,3,1265,Positive,Positive
12,7,721,Positive,Positive
12,11,1224,Positive,Positive
12,15,1699,Positive,Positive
12,19,1526,Positive,Positive
12,23,1091,Positive,Positive
12,27,708,Positive,Positive
13,4,2060,Positive,Positive
13,8,1306,Positive,Positive
13,12,854,Positive,Positive
13,16,611,Positive,Positive
13,20,2070,Positive,Positive
13,24,1579,Positive,Positive
13,28,935,Positive,Positive
14,1,1116,Positive,Positive
14,5,1490,Positive,Positive
14,9,801,Positive,Positive
14,13,2137,Positive,Positive
14,17,1135,Positive,Positive
14,21,680,Positive,Positive
14,25,1449,Positive,Positive
15,2,1015,Positive,Positive
15,6,880,Positive,Positive
15,10,3039,Positive,Positive
15,14,1551,Positive,Positive
15,18,802,Positive,Positive
15,22,1715,Positive,Positive
15,26,2221,Positive,Positive
16,3,2130,Positive,Positive
16,7,861,Positive,Positive
16,11,1310,Positive,Positive
16,15,1391,Positive,Positive
16,19,1363,Positive,Positive
16,23,1512,Positive,Positive
16,27,747,Positive,Positive
17,4,2109,Positive,Positive
17,8,1515,Positive,Positive
17,12,1537,Positive,Positive
17,16,577,Positive,Positive
17,20,2672,Positive,Positive
17,24,1842,Positive,Positive
17,28,1471,Positive,Positive
18,1,1247,Positive,Positive
18,5,872,Positive,Positive
18,9,1601,Positive,Positive
18,13,2156,Positive,Positive
18,17,605,Positive,Positive
18,21,852,Positive,Positive
18,25,1020,Positive,Positive
19,2,3108,Positive,Positive
19,6,3537,Positive,Positive
19,10,5519,Positive,Positive
19,14,4074,Positive,Positive
19,18,5213,Positive,Positive
19,22,1663,Positive,Positive
19,26,2012,Positive,Positive
20,3,1057,Positive,Positive
20,7,824,Positive,Positive
20,11,1197,Positive,Positive
20,15,831,Positive,Positive
20,19,757,Positive,Positive
20,23,1136,Positive,Positive
20,27,1851,Positive,Positive
21,4,1434,Positive,Positive
21,8,827,Positive,Positive
21,12,866,Positive,Positive
21,16,865,Positive,Positive
21,20,1751,Positive,Positive
21,24,1205,Positive,Positive
21,28,1019,Positive,Positive
22,1,1458,Positive,Positive
22,5,1176,Positive,Positive
22,9,803,Positive,Positive
22,13,1220,Positive,Positive
22,17,898,Positive,Positive
22,21,791,Positive,Positive
22,25,857,Positive,Positive
23,2,1170,Positive,Positive
23,6,1702,Positive,Positive
23,10,2089,Positive,Positive
23,14,1420,Positive,Positive
23,18,851,Positive,Positive
23,22,1077,Positive,Positive
23,26,1254,Positive,Positive
24,3,2079,Positive,Positive
24,7,1528,Positive,Positive
24,11,1473,Positive,Positive
24,15,2221,Positive,Positive
24,19,2711,Positive,Positive
24,23,3432,Positive,Positive
24,27,2203,Positive,Positive
25,4,1565,Positive,Positive
25,8,1891,Positive,Positive
25,12,1724,Positive,Positive
25,16,1104,Positive,Positive
25,20,2759,Positive,Positive
25,24,1568,Positive,Positive
25,28,1001,Positive,Positive
26,1,2534,Positive,Positive
26,5,848,Positive,Positive
26,9,531,Positive,Positive
26,13,1812,Positive,Positive
26,17,2184,Positive,Positive
26,21,3019,Positive,Positive
26,25,613,Positive,Positive
27,2,2207,Positive,Positive
27,6,1019,Positive,Positive
27,10,1906,Positive,Positive
27,14,1660,Positive,Positive
27,18,867,Positive,Positive
27,22,1191,Positive,Positive
27,26,1290,Positive,Positive
28,3,1674,Positive,Positive
28,7,521,Positive,Positive
28,11,1785,Positive,Positive
28,15,1354,Positive,Positive
28,19,1323,Positive,Positive
28,23,1245,Positive,Positive
28,27,876,Positive,Positive
29,4,1712,Positive,Positive
29,8,2485,Positive,Positive
29,12,1088,Positive,Positive
29,16,703,Positive,Positive
29,20,963,Positive,Positive
29,24,606,Positive,Positive
29,28,574,Positive,Positive
30,1,1772,Positive,Positive
30,5,1283,Positive,Positive
30,9,1050,Positive,Positive
30,13,2069,Positive,Positive
30,17,949,Positive,Positive
30,21,852,Positive,Positive
30,25,856,Positive,Positive
31,2,2119,Positive,Positive
31,6,1478,Positive,Positive
31,10,1469,Positive,Positive
31,14,2052,Positive,Positive
31,18,1311,Positive,Positive
31,22,659,Positive,Positive
31,26,1215,Positive,Positive
32,3,1760,Positive,Positive
32,7,1260,Positive,Positive
32,11,1410,Positive,Positive
32,15,1089,Positive,Positive
32,19,3117,Positive,Positive
32,23,2000,Positive,Positive
32,27,1006,Positive,Positive
33,1,2241,Positive,Positive
33,5,2023,Positive,Positive
33,9,998,Positive,Positive
33,13,2454,Positive,Positive
33,17,1643,Positive,Positive
33,21,965,Positive,Positive
33,25,807,Positive,Positive
34,4,1769,Positive,Positive
34,8,1326,Positive,Positive
34,12,1659,Positive,Positive
34,16,1020,Positive,Positive
34,20,1658,Positive,Positive
34,24,1059,Positive,Positive
34,28,1090,Positive,Positive
35,2,3240,Positive,Positive
35,6,2380,Positive,Positive
35,10,3119,Positive,Positive
35,14,1918,Positive,Positive
35,18,2178,Positive,Positive
35,22,671,Positive,Positive
35,26,1340,Positive,Positive
36,3,2403,Positive,Positive
36,7,1159,Positive,Positive
36,11,2847,Positive,Positive
36,15,1316,Positive,Positive
36,19,1801,Positive,Positive
36,23,4676,Positive,Positive
36,27,1271,Positive,Positive
37,4,5703,Positive,Positive
37,8,2239,Positive,Positive
37,12,1403,Positive,Positive
37,16,1173,Positive,Positive
37,20,1490,Positive,Positive
37,24,1735,Positive,Positive
37,28,1505,Positive,Positive
38,1,1201,Positive,Positive
38,5,1299,Positive,Positive
38,9,765,Positive,Positive
38,13,2124,Positive,Positive
38,17,1085,Positive,Positive
38,21,753,Positive,Positive
38,25,1195,Positive,Positive
39,2,1416,Positive,Positive
39,6,1049,Positive,Positive
39,10,2878,Positive,Positive
39,14,1834,Positive,Positive
39,18,1518,Positive,Positive
39,22,1240,Positive,Positive
39,26,1664,Positive,Positive
40,3,1236,Positive,Positive
40,7,838,Positive,Positive
40,11,1450,Positive,Positive
40,15,1214,Positive,Positive
40,19,2117,Positive,Positive
40,23,2826,Positive,Positive
40,27,1450,Positive,Positive
41,4,1580,Positive,Positive
41,8,1062,Positive,Positive
41,12,1315,Positive,Positive
41,16,501,Positive,Positive
41,20,1202,Positive,Positive
41,24,752,Positive,Positive
41,28,716,Positive,Positive
42,1,869,Positive,Positive
42,5,1606,Positive,Positive
42,9,1149,Positive,Positive
42,13,2095,Positive,Positive
42,17,1622,Positive,Positive
42,21,1063,Positive,Positive
42,25,1143,Positive,Positive
43,2,2277,Positive,Positive
43,6,2097,Positive,Positive
43,10,486,Positive,Positive
43,14,2719,Positive,Positive
43,18,1138,Positive,Positive
43,22,2245,Positive,Positive
43,26,1554,Positive,Positive
44,3,686,Positive,Positive
44,7,348,Positive,Positive
44,11,802,Positive,Positive
44,15,1074,Positive,Positive
44,19,895,Positive,Positive
44,23,1263,Positive,Positive
44,27,696,Positive,Positive
45,4,993,Positive,Positive
45,8,1043,Positive,Positive
45,12,669,Positive,Positive
45,16,246,Positive,Positive
45,20,1417,Positive,Positive
45,24,619,Positive,Positive
45,28,513,Positive,Positive
46,1,1125,Positive,Positive
46,5,1821,Positive,Positive
46,9,1148,Positive,Positive
46,13,3250,Positive,Positive
46,17,2046,Positive,Positive
46,21,842,Positive,Positive
46,25,5679,Positive,Positive
47,2,1231,Positive,Positive
47,6,1852,Positive,Positive
47,10,2681,Positive,Positive
47,14,1168,Positive,Positive
47,18,1685,Positive,Positive
47,22,1554,Positive,Positive
47,26,1226,Positive,Positive
48,3,1321,Positive,Positive
48,7,1265,Positive,Positive
48,11,1157,Positive,Positive
48,15,1719,Positive,Positive
48,19,2499,Positive,Positive
48,23,2302,Positive,Positive
48,27,1397,Positive,Positive
49,4,1925,Positive,Positive
49,8,583,Positive,Positive
49,12,828,Positive,Positive
49,16,752,Positive,Positive
49,20,2032,Positive,Positive
49,24,637,Positive,Positive
49,28,703,Positive,Positive
50,1,1631,Positive,Positive
50,5,1543,Positive,Positive
50,9,1142,Positive,Positive
50,13,1532,Positive,Positive
50,17,1174,Positive,Positive
50,21,1075,Positive,Positive
50,25,1061,Positive,Positive
51,2,1891,Positive,Positive
51,6,2335,Positive,Positive
51,10,1497,Positive,Positive
51,14,1568,Positive,Positive
51,18,1864,Positive,Positive
51,22,1548,Positive,Positive
51,26,2470,Positive,Positive
52,3,1117,Positive,Positive
52,7,560,Positive,Positive
52,11,1665,Positive,Positive
52,15,990,Positive,Positive
52,19,1012,Positive,Positive
52,23,928,Positive,Positive
52,27,644,Positive,Positive
53,4,3347,Positive,Positive
53,8,1876,Positive,Positive
53,12,1569,Positive,Positive
53,16,1458,Positive,Positive
53,20,2043,Positive,Positive
53,24,2188,Positive,Positive
53,28,1871,Positive,Positive
54,1,1948,Positive,Positive
54,5,1789,Positive,Positive
54,9,1288,Positive,Positive
54,13,1735,Positive,Positive
54,17,1503,Positive,Positive
54,21,1583,Positive,Positive
54,25,1438,Positive,Positive
55,2,1892,Positive,Positive
55,6,2990,Positive,Positive
55,10,1744,Positive,Positive
55,14,2389,Positive,Positive
55,18,3542,Positive,Positive
55,22,2046,Positive,Positive
55,26,3141,Positive,Positive
56,3,877,Positive,Positive
56,7,538,Positive,Positive
56,11,1004,Positive,Positive
56,15,2067,Positive,Positive
56,19,1226,Positive,Positive
56,23,1632,Positive,Positive
56,27,1435,Positive,Positive
57,4,3607,Positive,Positive
57,8,2745,Positive,Positive
57,12,1453,Positive,Positive
57,16,674,Positive,Positive
57,20,4000,Positive,Positive
57,24,2188,Positive,Positive
57,28,416,Positive,Positive
58,1,1377,Positive,Positive
58,5,2529,Positive,Positive
58,9,1359,Positive,Positive
58,13,5408,Positive,Positive
58,17,1001,Positive,Positive
58,21,1193,Positive,Positive
58,25,1434,Positive,Positive
59,2,2276,Positive,Positive
59,6,1568,Positive,Positive
59,10,2362,Positive,Positive
59,14,934,Positive,Positive
59,18,1275,Positive,Positive
59,22,2934,Positive,Positive
59,26,1790,Positive,Positive
60,3,1911,Positive,Positive
60,7,1240,Positive,Positive
60,11,1804,Positive,Positive
60,15,1314,Positive,Positive
60,19,1781,Positive,Positive
60,23,1857,Positive,Positive
60,27,732,Positive,Positive
1,1,1399,Negative,Negative
1,5,1332,Negative,Negative
1,9,1186,Negative,Negative
1,13,1064,Negative,Negative
1,17,979,Negative,Negative
1,21,1130,Negative,Negative
1,25,1739,Negative,Negative
2,2,2808,Negative,Negative
2,6,2320,Negative,Negative
2,10,994,Negative,Negative
2,14,1480,Negative,Negative
2,18,1519,Negative,Negative
2,22,1059,Negative,Negative
2,26,1280,Negative,Negative
3,3,1629,Negative,Negative
3,7,204,Negative,Negative
3,11,778,Negative,Negative
3,15,967,Negative,Negative
3,19,1280,Negative,Negative
3,23,790,Negative,Negative
3,27,973,Negative,Negative
4,4,1439,Negative,Negative
4,8,1428,Negative,Negative
4,12,2255,Negative,Negative
4,16,719,Negative,Negative
4,20,1442,Negative,Negative
4,24,1290,Negative,Negative
4,28,3433,Negative,Negative
5,1,904,Negative,Negative
5,5,1394,Negative,Negative
5,9,1343,Negative,Negative
5,13,1092,Negative,Negative
5,17,1794,Negative,Negative
5,21,1284,Negative,Negative
5,25,1663,Negative,Negative
6,2,2431,Negative,Negative
6,6,2015,Negative,Negative
6,10,2093,Negative,Negative
6,14,2678,Negative,Negative
6,18,1522,Negative,Negative
6,22,1699,Negative,Negative
6,26,2281,Negative,Negative
7,3,1642,Negative,Negative
7,7,529,Negative,Negative
7,11,1748,Negative,Negative
7,15,2329,Negative,Negative
7,19,3307,Negative,Negative
7,23,1133,Negative,Negative
7,27,1029,Negative,Negative
8,4,777,Negative,Negative
8,8,982,Negative,Negative
8,12,1117,Negative,Negative
8,16,976,Negative,Negative
8,20,1016,Negative,Negative
8,24,1441,Negative,Negative
8,28,807,Negative,Negative
9,1,670,Negative,Negative
9,5,2924,Negative,Negative
9,9,771,Negative,Negative
9,13,1404,Negative,Negative
9,17,664,Negative,Negative
9,21,1178,Negative,Negative
9,25,1553,Negative,Negative
10,2,1437,Negative,Negative
10,6,1311,Negative,Negative
10,10,1585,Negative,Negative
10,14,1492,Negative,Negative
10,18,887,Negative,Negative
10,22,1228,Negative,Negative
10,26,2087,Negative,Negative
11,3,2440,Negative,Negative
11,7,684,Negative,Negative
11,11,2152,Negative,Negative
11,15,2051,Negative,Negative
11,19,2103,Negative,Negative
11,23,1311,Negative,Negative
11,27,966,Negative,Negative
12,4,1024,Negative,Negative
12,8,739,Negative,Negative
12,12,1811,Negative,Negative
12,16,770,Negative,Negative
12,20,873,Negative,Negative
12,24,908,Negative,Negative
12,28,997,Negative,Negative
13,1,1355,Negative,Negative
13,5,1269,Negative,Negative
13,9,1038,Negative,Negative
13,13,1354,Negative,Negative
13,17,719,Negative,Negative
13,21,2007,Negative,Negative
13,25,1573,Negative,Negative
14,2,1623,Negative,Negative
14,6,796,Negative,Negative
14,10,463,Negative,Negative
14,14,1288,Negative,Negative
14,18,1937,Negative,Negative
14,22,986,Negative,Negative
14,26,1055,Negative,Negative
15,3,1078,Negative,Negative
15,7,811,Negative,Negative
15,11,1230,Negative,Negative
15,15,1286,Negative,Negative
15,19,2514,Negative,Negative
15,23,1878,Negative,Negative
15,27,1754,Negative,Negative
16,4,1120,Negative,Negative
16,8,955,Negative,Negative
16,12,1653,Negative,Negative
16,16,1196,Negative,Negative
16,20,1234,Negative,Negative
16,24,1624,Negative,Negative
16,28,1335,Negative,Negative
17,1,1291,Negative,Negative
17,5,1405,Negative,Negative
17,9,1220,Negative,Negative
17,13,2519,Negative,Negative
17,17,2340,Negative,Negative
17,21,1994,Negative,Negative
17,25,1345,Negative,Negative
18,2,2685,Negative,Negative
18,6,1962,Negative,Negative
18,10,654,Negative,Negative
18,14,832,Negative,Negative
18,18,568,Negative,Negative
18,22,648,Negative,Negative
18,26,921,Negative,Negative
19,3,3121,Negative,Negative
19,7,2047,Negative,Negative
19,11,1758,Negative,Negative
19,15,2799,Negative,Negative
19,19,2883,Negative,Negative
19,23,1921,Negative,Negative
19,27,1116,Negative,Negative
20,4,799,Negative,Negative
20,8,1055,Negative,Negative
20,12,1098,Negative,Negative
20,16,1075,Negative,Negative
20,20,1111,Negative,Negative
20,24,995,Negative,Negative
20,28,724,Negative,Negative
21,1,1210,Negative,Negative
21,5,2268,Negative,Negative
21,9,905,Negative,Negative
21,13,1326,Negative,Negative
21,17,1610,Negative,Negative
21,21,1513,Negative,Negative
21,25,1524,Negative,Negative
22,2,1207,Negative,Negative
22,6,1290,Negative,Negative
22,10,909,Negative,Negative
22,14,1518,Negative,Negative
22,18,1199,Negative,Negative
22,22,833,Negative,Negative
22,26,1013,Negative,Negative
23,3,772,Negative,Negative
23,7,745,Negative,Negative
23,11,1499,Negative,Negative
23,15,1569,Negative,Negative
23,19,2162,Negative,Negative
23,23,1085,Negative,Negative
23,27,935,Negative,Negative
24,4,3070,Negative,Negative
24,8,1876,Negative,Negative
24,12,2324,Negative,Negative
24,16,1044,Negative,Negative
24,20,1357,Negative,Negative
24,24,2028,Negative,Negative
24,28,2293,Negative,Negative
25,1,1476,Negative,Negative
25,5,1803,Negative,Negative
25,9,1486,Negative,Negative
25,13,1539,Negative,Negative
25,17,998,Negative,Negative
25,21,1421,Negative,Negative
25,25,1612,Negative,Negative
26,2,2875,Negative,Negative
26,6,2228,Negative,Negative
26,10,718,Negative,Negative
26,14,2375,Negative,Negative
26,18,1064,Negative,Negative
26,22,791,Negative,Negative
26,26,1390,Negative,Negative
27,3,2803,Negative,Negative
27,7,1280,Negative,Negative
27,11,1128,Negative,Negative
27,15,2224,Negative,Negative
27,19,2797,Negative,Negative
27,23,536,Negative,Negative
27,27,1553,Negative,Negative
28,4,703,Negative,Negative
28,8,839,Negative,Negative
28,12,1004,Negative,Negative
28,16,1096,Negative,Negative
28,20,1063,Negative,Negative
28,24,1072,Negative,Negative
28,28,838,Negative,Negative
29,1,930,Negative,Negative
29,5,1591,Negative,Negative
29,9,682,Negative,Negative
29,13,840,Negative,Negative
29,17,712,Negative,Negative
29,21,811,Negative,Negative
29,25,1372,Negative,Negative
30,2,1993,Negative,Negative
30,6,4173,Negative,Negative
30,10,825,Negative,Negative
30,14,4033,Negative,Negative
30,18,986,Negative,Negative
30,22,1531,Negative,Negative
30,26,3665,Negative,Negative
31,3,2521,Negative,Negative
31,7,681,Negative,Negative
31,11,1452,Negative,Negative
31,15,2042,Negative,Negative
31,19,1831,Negative,Negative
31,23,1204,Negative,Negative
31,27,998,Negative,Negative
32,4,2723,Negative,Negative
32,8,1125,Negative,Negative
32,12,1310,Negative,Negative
32,16,977,Negative,Negative
32,20,1314,Negative,Negative
32,24,1579,Negative,Negative
32,28,1229,Negative,Negative
33,2,2144,Negative,Negative
33,6,2893,Negative,Negative
33,10,2340,Negative,Negative
33,14,1436,Negative,Negative
33,18,825,Negative,Negative
33,22,854,Negative,Negative
33,26,1609,Negative,Negative
34,1,1697,Negative,Negative
34,5,2433,Negative,Negative
34,9,1307,Negative,Negative
34,13,1498,Negative,Negative
34,17,698,Negative,Negative
34,21,1225,Negative,Negative
34,25,2121,Negative,Negative
35,3,1303,Negative,Negative
35,7,1041,Negative,Negative
35,11,1617,Negative,Negative
35,15,1585,Negative,Negative
35,19,1702,Negative,Negative
35,23,1423,Negative,Negative
35,27,1000,Negative,Negative
36,4,1870,Negative,Negative
36,8,1192,Negative,Negative
36,12,1623,Negative,Negative
36,16,1741,Negative,Negative
36,20,1371,Negative,Negative
36,24,1990,Negative,Negative
36,28,2833,Negative,Negative
37,1,971,Negative,Negative
37,5,2134,Negative,Negative
37,9,1066,Negative,Negative
37,13,1103,Negative,Negative
37,17,725,Negative,Negative
37,21,1484,Negative,Negative
37,25,1582,Negative,Negative
38,2,1125,Negative,Negative
38,6,1577,Negative,Negative
38,10,1090,Negative,Negative
38,14,1825,Negative,Negative
38,18,1001,Negative,Negative
38,22,726,Negative,Negative
38,26,1197,Negative,Negative
39,3,1432,Negative,Negative
39,7,580,Negative,Negative
39,11,1314,Negative,Negative
39,15,1590,Negative,Negative
39,19,1679,Negative,Negative
39,23,1142,Negative,Negative
39,27,980,Negative,Negative
40,4,1314,Negative,Negative
40,8,835,Negative,Negative
40,12,1502,Negative,Negative
40,16,1347,Negative,Negative
40,20,1807,Negative,Negative
40,24,1877,Negative,Negative
40,28,1260,Negative,Negative
41,1,1744,Negative,Negative
41,5,1454,Negative,Negative
41,9,819,Negative,Negative
41,13,349,Negative,Negative
41,17,810,Negative,Negative
41,21,856,Negative,Negative
41,25,1459,Negative,Negative
42,2,2049,Negative,Negative
42,6,1698,Negative,Negative
42,10,891,Negative,Negative
42,14,1792,Negative,Negative
42,18,1082,Negative,Negative
42,22,1103,Negative,Negative
42,26,1574,Negative,Negative
43,3,994,Negative,Negative
43,7,1410,Negative,Negative
43,11,1059,Negative,Negative
43,15,1637,Negative,Negative
43,19,1404,Negative,Negative
43,23,556,Negative,Negative
43,27,987,Negative,Negative
44,4,624,Negative,Negative
44,8,819,Negative,Negative
44,12,622,Negative,Negative
44,16,1033,Negative,Negative
44,20,732,Negative,Negative
44,24,743,Negative,Negative
44,28,545,Negative,Negative
45,1,1207,Negative,Negative
45,5,3435,Negative,Negative
45,9,698,Negative,Negative
45,13,661,Negative,Negative
45,17,666,Negative,Negative
45,21,930,Negative,Negative
45,25,1299,Negative,Negative
46,2,1580,Negative,Negative
46,6,2806,Negative,Negative
46,10,1001,Negative,Negative
46,14,1807,Negative,Negative
46,18,1090,Negative,Negative
46,22,1116,Negative,Negative
46,26,2374,Negative,Negative
47,3,959,Negative,Negative
47,7,301,Negative,Negative
47,11,1338,Negative,Negative
47,15,1076,Negative,Negative
47,19,1294,Negative,Negative
47,23,765,Negative,Negative
47,27,741,Negative,Negative
48,4,2595,Negative,Negative
48,8,1808,Negative,Negative
48,12,1162,Negative,Negative
48,16,1673,Negative,Negative
48,20,1868,Negative,Negative
48,24,2068,Negative,Negative
48,28,1172,Negative,Negative
49,1,917,Negative,Negative
49,5,2084,Negative,Negative
49,9,594,Negative,Negative
49,13,969,Negative,Negative
49,17,676,Negative,Negative
49,21,1177,Negative,Negative
49,25,2152,Negative,Negative
50,2,2626,Negative,Negative
50,6,1363,Negative,Negative
50,10,1250,Negative,Negative
50,14,3491,Negative,Negative
50,18,1300,Negative,Negative
50,22,703,Negative,Negative
50,26,2312,Negative,Negative
51,3,1393,Negative,Negative
51,7,593,Negative,Negative
51,11,2360,Negative,Negative
51,15,2488,Negative,Negative
51,19,2440,Negative,Negative
51,23,859,Negative,Negative
51,27,1652,Negative,Negative
52,4,905,Negative,Negative
52,8,801,Negative,Negative
52,12,917,Negative,Negative
52,16,625,Negative,Negative
52,20,1146,Negative,Negative
52,24,786,Negative,Negative
52,28,746,Negative,Negative
53,1,2434,Negative,Negative
53,5,1855,Negative,Negative
53,9,1117,Negative,Negative
53,13,807,Negative,Negative
53,17,1970,Negative,Negative
53,21,3773,Negative,Negative
53,25,1536,Negative,Negative
54,2,3201,Negative,Negative
54,6,1951,Negative,Negative
54,10,975,Negative,Negative
54,14,2460,Negative,Negative
54,18,996,Negative,Negative
54,22,1777,Negative,Negative
54,26,2455,Negative,Negative
55,3,2245,Negative,Negative
55,7,1575,Negative,Negative
55,11,2793,Negative,Negative
55,15,3148,Negative,Negative
55,19,2252,Negative,Negative
55,23,2657,Negative,Negative
55,27,1851,Negative,Negative
56,4,882,Negative,Negative
56,8,833,Negative,Negative
56,12,711,Negative,Negative
56,16,1890,Negative,Negative
56,20,1060,Negative,Negative
56,24,1524,Negative,Negative
56,28,952,Negative,Negative
57,1,1197,Negative,Negative
57,5,4597,Negative,Negative
57,9,950,Negative,Negative
57,13,927,Negative,Negative
57,17,443,Negative,Negative
57,21,768,Negative,Negative
57,25,1549,Negative,Negative
58,2,2062,Negative,Negative
58,6,1043,Negative,Negative
58,10,870,Negative,Negative
58,14,1675,Negative,Negative
58,18,873,Negative,Negative
58,22,647,Negative,Negative
58,26,2136,Negative,Negative
59,3,1803,Negative,Negative
59,7,1092,Negative,Negative
59,11,1902,Negative,Negative
59,15,2684,Negative,Negative
59,19,2393,Negative,Negative
59,23,1074,Negative,Negative
59,27,1143,Negative,Negative
60,4,2370,Negative,Negative
60,8,2771,Negative,Negative
60,12,1016,Negative,Negative
60,16,1174,Negative,Negative
60,20,2395,Negative,Negative
60,24,1411,Negative,Negative
60,28,6218,Negative,Negative
1,2,1377,Negative,Positive
1,6,1004,Negative,Positive
1,10,807,Negative,Positive
1,14,1498,Negative,Positive
1,18,1800,Negative,Positive
1,22,1402,Negative,Positive
1,26,1702,Negative,Positive
2,3,1130,Negative,Positive
2,7,977,Negative,Positive
2,11,1791,Negative,Positive
2,15,1706,Negative,Positive
2,19,2312,Negative,Positive
2,23,1013,Negative,Positive
2,27,1208,Negative,Positive
3,4,714,Negative,Positive
3,8,,Negative,Positive
3,12,1190,Negative,Positive
3,16,1152,Negative,Positive
3,20,830,Negative,Positive
3,24,1587,Negative,Positive
3,28,773,Negative,Positive
4,1,1516,Negative,Positive
4,5,3781,Negative,Positive
4,9,1229,Negative,Positive
4,13,1767,Negative,Positive
4,17,953,Negative,Positive
4,21,3845,Negative,Positive
4,25,5020,Negative,Positive
5,2,2605,Negative,Positive
5,6,1371,Negative,Positive
5,10,1046,Negative,Positive
5,14,1198,Negative,Positive
5,18,856,Negative,Positive
5,22,1095,Negative,Positive
5,26,1382,Negative,Positive
6,3,3108,Negative,Positive
6,7,1211,Negative,Positive
6,11,3011,Negative,Positive
6,15,2276,Negative,Positive
6,19,3295,Negative,Positive
6,23,1997,Negative,Positive
6,27,3895,Negative,Positive
7,4,2513,Negative,Positive
7,8,,Negative,Positive
7,12,1644,Negative,Positive
7,16,1045,Negative,Positive
7,20,4976,Negative,Positive
7,24,1420,Negative,Positive
7,28,1410,Negative,Positive
8,1,1318,Negative,Positive
8,5,1308,Negative,Positive
8,9,1169,Negative,Positive
8,13,1680,Negative,Positive
8,17,627,Negative,Positive
8,21,1967,Negative,Positive
8,25,1407,Negative,Positive
9,2,4046,Negative,Positive
9,6,2273,Negative,Positive
9,10,980,Negative,Positive
9,14,1494,Negative,Positive
9,18,2121,Negative,Positive
9,22,1171,Negative,Positive
9,26,1865,Negative,Positive
10,3,3107,Negative,Positive
10,7,769,Negative,Positive
10,11,1768,Negative,Positive
10,15,1333,Negative,Positive
10,19,2437,Negative,Positive
10,23,1529,Negative,Positive
10,27,710,Negative,Positive
11,4,622,Negative,Positive
11,8,,Negative,Positive
11,12,1287,Negative,Positive
11,16,1315,Negative,Positive
11,20,1323,Negative,Positive
11,24,1298,Negative,Positive
11,28,968,Negative,Positive
12,1,3662,Negative,Positive
12,5,3399,Negative,Positive
12,9,752,Negative,Positive
12,13,1375,Negative,Positive
12,17,1073,Negative,Positive
12,21,885,Negative,Positive
12,25,1689,Negative,Positive
13,2,1961,Negative,Positive
13,6,3079,Negative,Positive
13,10,1039,Negative,Positive
13,14,2789,Negative,Positive
13,18,1576,Negative,Positive
13,22,1264,Negative,Positive
13,26,1894,Negative,Positive
14,3,2005,Negative,Positive
14,7,2005,Negative,Positive
14,11,1651,Negative,Positive
14,15,2417,Negative,Positive
14,19,3557,Negative,Positive
14,23,1081,Negative,Positive
14,27,967,Negative,Positive
15,4,1698,Negative,Positive
15,8,,Negative,Positive
15,12,1543,Negative,Positive
15,16,1307,Negative,Positive
15,20,1035,Negative,Positive
15,24,1279,Negative,Positive
15,28,1142,Negative,Positive
16,1,1120,Negative,Positive
16,5,1239,Negative,Positive
16,9,947,Negative,Positive
16,13,997,Negative,Positive
16,17,850,Negative,Positive
16,21,1839,Negative,Positive
16,25,1624,Negative,Positive
17,2,2411,Negative,Positive
17,6,1960,Negative,Positive
17,10,,Negative,Positive
17,14,2909,Negative,Positive
17,18,2175,Negative,Positive
17,22,2152,Negative,Positive
17,26,1665,Negative,Positive
18,3,1324,Negative,Positive
18,7,424,Negative,Positive
18,11,770,Negative,Positive
18,15,1086,Negative,Positive
18,19,1184,Negative,Positive
18,23,705,Negative,Positive
18,27,1805,Negative,Positive
19,4,3478,Negative,Positive
19,8,,Negative,Positive
19,12,2516,Negative,Positive
19,16,2984,Negative,Positive
19,20,1354,Negative,Positive
19,24,1267,Negative,Positive
19,28,1273,Negative,Positive
20,1,1060,Negative,Positive
20,5,1955,Negative,Positive
20,9,1037,Negative,Positive
20,13,724,Negative,Positive
20,17,1162,Negative,Positive
20,21,1038,Negative,Positive
20,25,1825,Negative,Positive
21,2,1743,Negative,Positive
21,6,1419,Negative,Positive
21,10,720,Negative,Positive
21,14,2198,Negative,Positive
21,18,1177,Negative,Positive
21,22,1223,Negative,Positive
21,26,1300,Negative,Positive
22,3,1509,Negative,Positive
22,7,464,Negative,Positive
22,11,1377,Negative,Positive
22,15,949,Negative,Positive
22,19,1750,Negative,Positive
22,23,1569,Negative,Positive
22,27,742,Negative,Positive
23,4,895,Negative,Positive
23,8,,Negative,Positive
23,12,737,Negative,Positive
23,16,1365,Negative,Positive
23,20,926,Negative,Positive
23,24,874,Negative,Positive
23,28,1021,Negative,Positive
24,1,1684,Negative,Positive
24,5,4126,Negative,Positive
24,9,1261,Negative,Positive
24,13,2133,Negative,Positive
24,17,1085,Negative,Positive
24,21,2251,Negative,Positive
24,25,1704,Negative,Positive
25,2,2252,Negative,Positive
25,6,1616,Negative,Positive
25,10,1609,Negative,Positive
25,14,1674,Negative,Positive
25,18,1567,Negative,Positive
25,22,1353,Negative,Positive
25,26,2106,Negative,Positive
26,3,1676,Negative,Positive
26,7,595,Negative,Positive
26,11,970,Negative,Positive
26,15,1264,Negative,Positive
26,19,4867,Negative,Positive
26,23,767,Negative,Positive
26,27,1145,Negative,Positive
27,4,1514,Negative,Positive
27,8,,Negative,Positive
27,12,1385,Negative,Positive
27,16,1216,Negative,Positive
27,20,1049,Negative,Positive
27,24,1708,Negative,Positive
27,28,833,Negative,Positive
28,1,928,Negative,Positive
28,5,1379,Negative,Positive
28,9,673,Negative,Positive
28,13,1224,Negative,Positive
28,17,874,Negative,Positive
28,21,966,Negative,Positive
28,25,1418,Negative,Positive
29,2,2063,Negative,Positive
29,6,1002,Negative,Positive
29,10,691,Negative,Positive
29,14,1006,Negative,Positive
29,18,617,Negative,Positive
29,22,948,Negative,Positive
29,26,1196,Negative,Positive
30,3,1717,Negative,Positive
30,7,770,Negative,Positive
30,11,1932,Negative,Positive
30,15,1263,Negative,Positive
30,19,2356,Negative,Positive
30,23,2978,Negative,Positive
30,27,1230,Negative,Positive
31,4,1063,Negative,Positive
31,8,,Negative,Positive
31,12,749,Negative,Positive
31,16,783,Negative,Positive
31,20,1294,Negative,Positive
31,24,1211,Negative,Positive
31,28,1625,Negative,Positive
32,1,1363,Negative,Positive
32,5,4527,Negative,Positive
32,9,626,Negative,Positive
32,13,992,Negative,Positive
32,17,1159,Negative,Positive
32,21,1486,Negative,Positive
32,25,2118,Negative,Positive
33,3,2324,Negative,Positive
33,7,2936,Negative,Positive
33,11,1895,Negative,Positive
33,15,5346,Negative,Positive
33,19,2164,Negative,Positive
33,23,1318,Negative,Positive
33,27,1317,Negative,Positive
34,2,2695,Negative,Positive
34,6,1575,Negative,Positive
34,10,1867,Negative,Positive
34,14,1841,Negative,Positive
34,18,1323,Negative,Positive
34,22,1836,Negative,Positive
34,26,1470,Negative,Positive
35,4,1364,Negative,Positive
35,8,,Negative,Positive
35,12,1069,Negative,Positive
35,16,1562,Negative,Positive
35,20,1084,Negative,Positive
35,24,1412,Negative,Positive
35,28,833,Negative,Positive
36,1,1982,Negative,Positive
36,5,1599,Negative,Positive
36,9,1180,Negative,Positive
36,13,1520,Negative,Positive
36,17,2274,Negative,Positive
36,21,1870,Negative,Positive
36,25,2494,Negative,Positive
37,2,2052,Negative,Positive
37,6,1405,Negative,Positive
37,10,985,Negative,Positive
37,14,2321,Negative,Positive
37,18,1249,Negative,Positive
37,22,1194,Negative,Positive
37,26,1406,Negative,Positive
38,3,1477,Negative,Positive
38,7,581,Negative,Positive
38,11,2056,Negative,Positive
38,15,1178,Negative,Positive
38,19,1471,Negative,Positive
38,23,568,Negative,Positive
38,27,674,Negative,Positive
39,4,1316,Negative,Positive
39,8,,Negative,Positive
39,12,1380,Negative,Positive
39,16,1320,Negative,Positive
39,20,780,Negative,Positive
39,24,1424,Negative,Positive
39,28,1222,Negative,Positive
40,1,1992,Negative,Positive
40,5,2568,Negative,Positive
40,9,991,Negative,Positive
40,13,1407,Negative,Positive
40,17,1017,Negative,Positive
40,21,2041,Negative,Positive
40,25,1918,Negative,Positive
41,2,3205,Negative,Positive
41,6,1245,Negative,Positive
41,10,1037,Negative,Positive
41,14,1662,Negative,Positive
41,18,841,Negative,Positive
41,22,1536,Negative,Positive
41,26,4201,Negative,Positive
42,3,1665,Negative,Positive
42,7,958,Negative,Positive
42,11,1731,Negative,Positive
42,15,2365,Negative,Positive
42,19,1988,Negative,Positive
42,23,1347,Negative,Positive
42,27,926,Negative,Positive
43,4,907,Negative,Positive
43,8,2073,Negative,Positive
43,12,1740,Negative,Positive
43,16,1226,Negative,Positive
43,20,2000,Negative,Positive
43,24,826,Negative,Positive
43,28,1586,Negative,Positive
44,1,862,Negative,Positive
44,5,1636,Negative,Positive
44,9,575,Negative,Positive
44,13,655,Negative,Positive
44,17,977,Negative,Positive
44,21,734,Negative,Positive
44,25,941,Negative,Positive
45,2,2831,Negative,Positive
45,6,1227,Negative,Positive
45,10,705,Negative,Positive
45,14,931,Negative,Positive
45,18,1150,Negative,Positive
45,22,699,Negative,Positive
45,26,1100,Negative,Positive
46,3,1631,Negative,Positive
46,7,734,Negative,Positive
46,11,1588,Negative,Positive
46,15,1622,Negative,Positive
46,19,6223,Negative,Positive
46,23,1975,Negative,Positive
46,27,3279,Negative,Positive
47,4,959,Negative,Positive
47,8,2091,Negative,Positive
47,12,1047,Negative,Positive
47,16,530,Negative,Positive
47,20,915,Negative,Positive
47,24,876,Negative,Positive
47,28,692,Negative,Positive
48,1,1465,Negative,Positive
48,5,2769,Negative,Positive
48,9,1588,Negative,Positive
48,13,2089,Negative,Positive
48,17,1287,Negative,Positive
48,21,2461,Negative,Positive
48,25,1814,Negative,Positive
49,2,2404,Negative,Positive
49,6,2272,Negative,Positive
49,10,1480,Negative,Positive
49,14,1555,Negative,Positive
49,18,325,Negative,Positive
49,22,721,Negative,Positive
49,26,1080,Negative,Positive
50,3,1285,Negative,Positive
50,7,658,Negative,Positive
50,11,2325,Negative,Positive
50,15,1609,Negative,Positive
50,19,2162,Negative,Positive
50,23,2548,Negative,Positive
50,27,1102,Negative,Positive
51,4,2855,Negative,Positive
51,8,2046,Negative,Positive
51,12,1103,Negative,Positive
51,16,1278,Negative,Positive
51,20,1281,Negative,Positive
51,24,965,Negative,Positive
51,28,1124,Negative,Positive
52,1,860,Negative,Positive
52,5,2773,Negative,Positive
52,9,965,Negative,Positive
52,13,1570,Negative,Positive
52,17,1159,Negative,Positive
52,21,1394,Negative,Positive
52,25,1264,Negative,Positive
53,2,2990,Negative,Positive
53,6,1836,Negative,Positive
53,10,918,Negative,Positive
53,14,1015,Negative,Positive
53,18,1674,Negative,Positive
53,22,2666,Negative,Positive
53,26,2730,Negative,Positive
54,3,2411,Negative,Positive
54,7,1082,Negative,Positive
54,11,1659,Negative,Positive
54,15,2378,Negative,Positive
54,19,2740,Negative,Positive
54,23,2539,Negative,Positive
54,27,1380,Negative,Positive
55,4,2233,Negative,Positive
55,8,2749,Negative,Positive
55,12,1663,Negative,Positive
55,16,3698,Negative,Positive
55,20,2267,Negative,Positive
55,24,5364,Negative,Positive
55,28,1550,Negative,Positive
56,1,1711,Negative,Positive
56,5,2591,Negative,Positive
56,9,1059,Negative,Positive
56,13,1110,Negative,Positive
56,17,1313,Negative,Positive
56,21,1263,Negative,Positive
56,25,1303,Negative,Positive
57,2,2774,Negative,Positive
57,6,1031,Negative,Positive
57,10,1245,Negative,Positive
57,14,4454,Negative,Positive
57,18,1189,Negative,Positive
57,22,1161,Negative,Positive
57,26,3982,Negative,Positive
58,3,1491,Negative,Positive
58,7,805,Negative,Positive
58,11,1870,Negative,Positive
58,15,1293,Negative,Positive
58,19,4026,Negative,Positive
58,23,2363,Negative,Positive
58,27,1070,Negative,Positive
59,4,973,Negative,Positive
59,8,1064,Negative,Positive
59,12,1247,Negative,Positive
59,16,2806,Negative,Positive
59,20,1245,Negative,Positive
59,24,1736,Negative,Positive
59,28,815,Negative,Positive
60,1,780,Negative,Positive
60,5,2900,Negative,Positive
60,9,1114,Negative,Positive
60,13,1310,Negative,Positive
60,17,2089,Negative,Positive
60,21,1835,Negative,Positive
60,25,1340,Negative,Positive